142.37,112.42,0
199.77,183.22,0
102.11,175.51,0
85.48,212.20,0
132.81,92.11,0
131.39,87.46,0
182.08,171.38,0
90.70,139.08,0
197.42,148.88,0
80.52,133.42,0
104.47,164.40,0
149.01,98.77,0
191.26,231.32,0
190.42,182.17,0
102.37,134.35,0
186.07,173.85,0
157.97,85.93,0
183.79,165.81,0
181.95,147.47,0
155.45,91.76,0
185.71,166.46,0
96.39,98.00,0
100.46,100.88,0
181.68,158.06,0
119.73,104.05,0
95.37,97.40,0
99.10,126.40,0
92.21,135.58,0
180.76,241.09,0
200.46,189.00,0
164.44,110.71,0
90.95,188.58,0
199.53,93.15,0
95.12,166.05,0
97.50,117.20,0
178.69,111.94,0
98.78,86.07,0
95.16,128.88,0
177.40,201.58,0
162.16,100.70,0
102.99,164.98,0
86.80,157.20,0
91.16,166.76,0
181.20,92.85,0
90.96,235.28,0
156.92,93.99,0
92.10,146.21,0
85.47,139.19,0
84.04,225.04,0
194.63,163.21,0
162.41,98.16,0
89.40,156.58,0
137.98,85.39,0
94.62,98.44,0
81.06,123.04,0
92.86,217.80,0
185.84,163.64,0
115.53,98.86,0
84.92,201.99,0
194.82,227.88,0
180.44,90.29,0
104.02,235.56,0
85.35,80.84,0
194.49,199.20,0
84.17,208.09,0
185.12,122.07,0
190.62,188.56,0
83.50,192.57,0
154.98,89.32,0
157.89,80.70,0
100.76,200.09,0
147.66,111.08,0
178.77,159.45,0
191.28,132.15,0
90.46,160.19,0
191.65,230.63,0
195.49,145.51,0
195.29,154.06,0
100.43,127.66,0
171.67,82.39,0
104.10,219.31,0
156.06,81.58,0
196.28,210.20,0
86.73,89.16,0
103.61,213.37,0
179.76,197.09,0
192.18,179.03,0
133.85,92.37,0
180.00,111.62,0
88.10,118.09,0
190.33,129.62,0
84.76,134.51,0
82.39,83.33,0
183.68,197.50,0
114.96,111.57,0
163.41,86.19,0
196.46,188.50,0
176.74,168.71,0
193.48,136.28,0
94.71,183.65,0
124.30,112.32,0
90.55,122.11,0
192.52,232.87,0
90.29,207.80,0
100.16,183.66,0
97.67,214.49,0
87.60,241.28,0
150.04,92.16,0
199.18,136.57,0
121.62,90.34,0
191.03,196.49,0
197.80,169.57,0
96.74,152.85,0
88.03,204.85,0
139.10,92.55,0
193.18,105.89,0
89.65,228.90,0
104.01,190.98,0
104.63,195.39,0
180.18,147.01,0
94.17,82.19,0
185.03,110.27,0
180.67,193.94,0
139.95,87.13,0
90.28,127.25,0
96.64,231.45,0
152.26,103.93,0
184.01,232.76,0
132.53,81.09,0
101.21,119.46,0
170.71,102.89,0
146.00,90.72,0
99.52,150.14,0
90.28,117.13,0
178.03,195.96,0
97.46,192.18,0
93.98,132.93,0
86.20,165.00,0
82.06,213.12,0
179.30,146.83,0
93.51,123.89,0
103.81,239.36,0
179.17,197.38,0
194.56,149.55,0
108.20,96.56,0
133.23,106.35,0
189.35,115.82,0
182.45,133.79,0
91.06,124.92,0
173.32,87.82,0
179.96,157.39,0
180.12,173.47,0
176.82,142.36,0
86.52,85.51,0
197.70,125.78,0
178.73,217.77,0
92.79,91.81,0
187.20,213.09,0
140.69,86.27,0
113.59,98.00,0
126.62,106.43,0
183.76,185.33,0
90.91,84.11,0
178.12,228.84,0
120.36,85.27,0
112.06,104.19,0
184.32,117.11,0
118.55,97.56,0
87.02,109.67,0
129.16,88.36,0
180.82,144.38,0
127.62,90.50,0
189.75,150.84,0
96.83,207.81,0
82.63,107.46,0
99.54,202.25,0
96.51,124.01,0
96.75,201.97,0
81.55,187.11,0
138.62,111.60,0
177.40,218.96,0
82.89,230.68,0
198.68,242.37,0
87.42,136.71,0
93.54,88.63,0
184.85,127.44,0
81.65,205.36,0
85.12,227.58,0
82.04,116.24,0
90.69,222.26,0
167.78,87.05,0
194.29,83.38,0
85.88,180.22,0
188.67,117.92,0
190.19,207.89,0
180.21,206.21,0
159.28,108.28,0
142.39,105.08,0
130.51,109.45,0
132.11,100.73,0
154.99,111.03,0
181.20,100.18,0
96.79,159.07,0
180.87,82.34,0
181.92,154.75,0
196.04,82.75,0
183.46,143.25,0
158.39,82.16,0
185.93,157.84,0
86.89,232.88,0
177.59,240.78,0
109.16,86.91,0
92.19,236.57,0
92.98,95.63,0
141.33,109.23,0
102.29,205.37,0
165.53,81.81,0
98.16,237.32,0
83.15,105.57,0
86.50,87.08,0
195.10,186.62,0
134.73,108.00,0
121.41,94.01,0
90.30,89.73,0
102.00,193.14,0
142.58,84.08,0
157.27,81.78,0
177.32,90.79,0
182.78,172.38,0
93.43,228.30,0
93.29,121.69,0
187.56,186.24,0
90.63,115.37,0
123.68,105.45,0
188.76,155.81,0
140.87,104.76,0
190.11,94.93,0
149.03,110.81,0
177.73,221.73,0
89.88,136.66,0
181.35,119.73,0
84.19,233.79,0
166.07,81.23,0
83.51,116.91,0
176.97,149.94,0
95.12,219.37,0
186.61,154.60,0
182.68,128.04,0
183.62,163.33,0
87.07,83.52,0
186.34,188.59,0
140.22,85.52,0
85.90,91.94,0
85.39,81.91,0
196.00,179.07,0
80.65,168.65,0
95.03,238.87,0
100.80,154.61,0
82.87,91.57,0
91.15,153.62,0
102.07,236.62,0
181.49,183.43,0
176.94,227.95,0
197.03,174.25,0
180.09,112.09,0
103.61,120.69,0
119.04,92.81,0
92.37,90.64,0
185.41,119.98,0
185.26,189.33,0
195.89,98.61,0
189.24,230.81,0
90.88,240.03,0
85.63,156.14,0
185.93,232.97,0
93.71,120.47,0
136.23,102.52,0
95.69,154.60,0
183.16,149.65,0
81.55,224.34,0
91.82,118.24,0
123.80,99.46,0
95.93,237.62,0
81.12,81.18,0
109.17,92.52,0
85.22,117.29,0
172.90,90.04,0
101.09,180.94,0
96.55,222.80,0
99.32,102.31,0
186.22,188.98,0
192.62,158.46,0
189.05,232.15,0
91.75,164.43,0
197.57,82.68,0
184.16,223.69,0
90.97,238.03,0
85.20,188.80,0
189.69,188.06,0
95.74,196.38,0
125.23,111.34,0
95.80,209.92,0
168.57,106.56,0
194.65,143.09,0
94.17,154.86,0
92.65,154.70,0
135.62,109.83,0
89.98,85.29,0
88.15,190.46,0
93.99,174.55,0
192.87,162.93,0
89.47,138.39,0
101.98,92.81,0
188.30,153.31,0
102.97,88.70,0
85.92,181.21,0
92.84,103.62,0
162.49,89.96,0
196.45,229.42,0
171.31,108.65,0
82.12,224.87,0
139.59,111.18,0
83.60,109.05,0
181.06,116.05,0
84.09,125.51,0
154.45,83.65,0
181.66,209.11,0
89.13,122.53,0
186.10,214.08,0
102.07,241.14,0
117.48,91.69,0
96.79,199.86,0
81.16,110.34,0
88.59,110.95,0
184.22,119.82,0
81.30,227.82,0
193.00,132.62,0
176.83,182.26,0
123.11,84.29,0
188.75,83.33,0
196.78,195.99,0
187.00,231.66,0
83.72,208.77,0
90.69,190.57,0
183.78,122.23,0
182.72,223.61,0
159.63,82.91,0
81.58,187.96,0
183.59,102.84,0
103.24,175.50,0
143.30,95.72,0
184.53,110.63,0
82.64,130.51,0
90.39,215.35,0
178.28,232.46,0
81.31,180.42,0
84.50,151.73,0
173.99,102.68,0
154.12,112.09,0
84.62,180.33,0
176.59,149.16,0
81.63,224.77,0
149.68,111.52,0
194.09,151.81,0
85.93,201.57,0
195.95,176.96,0
89.35,198.50,0
94.68,136.17,0
99.79,199.78,0
101.19,184.58,0
193.03,172.76,0
105.63,100.50,0
190.50,211.59,0
127.92,108.53,0
169.23,106.33,0
183.15,105.89,0
122.00,97.35,0
175.38,84.31,0
114.19,102.78,0
146.42,97.25,0
165.77,84.06,0
90.87,165.85,0
88.16,118.59,0
94.38,150.87,0
183.45,112.09,0
188.47,101.41,0
94.54,241.77,0
195.76,223.67,0
123.65,99.14,0
126.87,109.04,0
145.85,111.07,0
194.94,163.42,0
81.01,197.46,0
130.69,102.45,0
88.55,238.95,0
189.23,150.95,0
92.10,110.27,0
191.54,168.27,0
82.09,206.34,0
199.14,213.81,0
89.89,189.73,0
89.40,171.91,0
96.01,184.70,0
114.95,112.83,0
192.39,140.25,0
186.91,133.67,0
130.09,112.02,0
153.76,104.01,0
109.10,98.82,0
81.77,87.68,0
180.37,94.03,0
125.59,96.09,0
82.01,187.42,0
185.57,202.35,0
109.00,83.80,0
195.50,146.16,0
198.61,148.89,0
117.29,88.38,0
177.40,174.00,0
88.58,112.78,0
193.08,223.16,0
167.25,85.07,0
172.04,82.66,0
166.47,93.06,0
92.85,238.51,0
86.69,233.76,0
85.43,131.01,0
157.65,103.34,0
99.85,83.79,0
84.80,80.04,0
86.00,97.95,0
178.60,219.35,0
87.98,168.00,0
81.59,168.79,0
177.37,84.29,0
154.99,108.22,0
195.43,131.60,0
189.12,143.38,0
178.00,181.32,0
82.17,161.63,0
99.66,128.24,0
85.49,129.87,0
99.67,189.52,0
177.50,168.45,0
123.69,112.58,0
102.66,171.33,0
81.04,146.15,0
191.04,160.28,0
149.54,101.16,0
101.05,196.50,0
196.16,230.24,0
83.73,134.78,0
83.05,178.75,0
98.40,165.75,0
185.09,216.37,0
97.98,161.50,0
148.83,104.73,0
96.52,126.97,0
195.15,116.13,0
102.49,228.73,0
123.12,81.70,0
85.29,242.95,0
164.56,96.66,0
83.76,86.70,0
83.10,82.20,0
100.34,219.61,0
135.60,93.60,0
198.52,181.35,0
81.49,207.68,0
103.07,121.36,0
88.91,155.67,0
189.27,109.12,0
183.37,124.26,0
170.32,95.47,0
92.26,182.57,0
81.39,116.74,0
186.86,185.78,0
194.16,104.97,0
160.21,99.30,0
185.57,240.62,0
104.54,188.07,0
185.95,166.31,0
139.24,87.84,0
193.86,243.02,0
189.35,173.74,0
173.08,111.37,0
82.56,227.22,0
191.24,163.78,0
183.60,116.30,0
117.22,87.08,0
94.39,109.83,0
102.01,201.62,0
91.90,161.95,0
188.12,160.70,0
144.31,95.21,0
191.95,87.46,0
96.20,133.61,0
89.06,112.34,0
88.03,176.30,0
88.94,231.82,0
174.95,106.65,0
85.51,227.77,0
192.79,214.97,0
116.89,101.00,0
197.38,113.33,0
107.37,82.72,0
101.85,127.35,0
95.28,81.29,0
192.10,236.67,0
192.15,168.57,0
98.43,231.68,0
95.65,94.16,0
132.03,90.16,0
197.64,145.54,0
81.53,84.21,0
144.45,82.86,0
168.96,90.43,0
88.00,237.06,0
150.70,88.58,0
102.69,128.02,0
185.26,130.50,0
197.51,120.58,0
91.02,223.65,0
180.27,210.04,0
87.18,124.08,0
192.56,85.70,0
119.73,87.99,0
199.83,173.02,0
191.80,139.11,0
178.59,156.36,0
100.32,237.33,0
123.20,85.94,0
178.11,235.26,0
98.74,104.48,0
194.22,130.68,0
188.92,121.39,0
199.93,150.90,0
94.16,139.05,0
199.86,225.85,0
93.48,232.46,0
187.41,189.96,0
93.54,113.94,0
115.58,97.77,0
85.23,217.00,0
173.42,81.48,0
156.98,81.55,0
178.94,185.75,0
195.41,174.58,0
197.37,148.15,0
98.29,142.56,0
85.21,124.18,0
82.88,155.98,0
84.96,129.44,0
147.46,81.55,0
186.40,170.52,0
150.71,82.09,0
195.08,84.29,0
97.98,212.81,0
84.31,145.37,0
125.00,109.43,0
85.25,95.52,0
94.60,183.84,0
106.21,83.22,0
167.55,87.77,0
188.33,183.03,0
192.45,83.89,0
92.41,194.43,0
133.51,109.33,0
183.15,156.50,0
126.53,94.75,0
89.71,191.23,0
94.19,113.45,0
105.29,92.41,0
111.52,89.96,0
120.94,97.35,0
149.72,100.20,0
98.40,163.57,0
197.14,128.80,0
170.19,92.71,0
199.47,100.92,0
188.48,227.31,0
191.23,206.09,0
186.82,171.08,0
100.94,196.66,0
189.95,93.25,0
154.44,100.89,0
84.69,91.33,0
121.12,80.89,0
180.10,156.97,0
122.93,100.78,0
166.19,100.32,0
186.38,213.51,0
95.13,222.97,0
158.13,85.15,0
90.44,103.80,0
97.38,149.30,0
111.10,102.73,0
196.98,179.66,0
82.17,180.52,0
84.04,171.74,0
185.69,216.42,0
189.15,104.25,0
191.41,209.76,0
187.76,166.49,0
83.88,208.30,0
103.04,123.87,0
186.75,124.56,0
200.05,226.38,0
199.63,121.50,0
142.64,83.35,0
192.33,99.67,0
197.80,117.14,0
86.46,240.44,0
82.19,181.01,0
183.24,98.00,0
100.60,209.33,0
87.58,98.78,0
158.56,88.58,0
140.63,96.67,0
196.81,91.00,0
182.85,223.18,0
83.38,129.20,0
87.91,201.36,0
172.64,112.15,0
106.82,99.94,0
81.92,224.93,0
87.59,226.51,0
198.27,116.03,0
143.36,80.70,0
190.61,155.74,0
196.79,82.64,0
94.24,131.51,0
199.44,112.49,0
96.82,232.19,0
184.55,163.10,0
185.11,124.95,0
118.88,85.22,0
160.06,96.32,0
144.49,104.92,0
168.36,89.29,0
193.26,207.80,0
184.53,200.18,0
184.56,97.70,0
95.82,146.32,0
131.42,96.77,0
179.88,174.13,0
187.90,113.74,0
91.23,221.19,0
84.35,197.88,0
93.61,83.73,0
192.04,125.81,0
188.49,167.14,0
121.38,89.65,0
183.98,157.91,0
86.02,191.23,0
84.35,214.99,0
180.95,116.34,0
91.49,114.61,0
104.17,96.10,0
160.52,112.63,0
184.76,235.67,0
153.89,88.97,0
178.75,172.02,0
84.19,238.59,0
85.01,100.17,0
186.71,139.23,0
134.01,106.09,0
103.24,225.14,0
190.47,122.63,0
162.52,109.94,0
161.76,89.35,0
180.51,124.62,0
102.37,235.55,0
84.68,201.03,0
189.12,103.49,0
194.20,158.48,0
99.70,133.58,0
102.87,171.85,0
96.52,164.78,0
189.91,226.04,0
192.05,243.07,0
95.40,192.66,0
102.67,222.92,0
187.50,192.65,0
187.88,101.95,0
90.48,123.17,0
182.08,239.76,0
187.19,177.17,0
161.24,103.49,0
88.70,221.75,0
98.04,215.73,0
85.12,181.72,0
115.05,99.31,0
199.73,143.74,0
187.37,97.20,0
100.15,220.05,0
188.34,141.35,0
189.90,210.60,0
97.06,91.17,0
186.91,228.04,0
179.38,92.24,0
184.05,175.97,0
130.97,102.68,0
84.84,209.34,0
182.68,216.65,0
96.58,121.45,0
94.31,210.04,0
197.06,98.20,0
194.79,130.14,0
126.08,91.89,0
133.56,98.01,0
151.83,81.53,0
190.01,113.02,0
179.00,105.98,0
93.18,239.09,0
163.05,105.17,0
191.01,228.21,0
185.16,130.24,0
119.81,84.81,0
92.92,215.62,0
200.20,159.05,0
121.52,100.92,0
176.72,152.35,0
189.49,83.04,0
197.11,242.23,0
150.02,94.93,0
99.88,100.04,0
89.76,105.17,0
89.25,238.63,0
189.71,231.34,0
141.77,102.04,0
160.24,97.51,0
120.66,86.32,0
93.16,108.35,0
82.77,115.82,0
190.47,162.68,0
161.10,103.89,0
81.01,159.68,0
126.19,81.18,0
136.51,90.11,0
196.81,86.09,0
102.67,160.34,0
100.73,195.51,0
117.22,102.98,0
193.73,132.63,0
97.16,197.69,0
100.22,212.98,0
89.60,218.12,0
179.44,118.84,0
180.79,204.43,0
176.98,148.51,0
98.92,198.93,0
95.64,117.05,0
195.68,87.50,0
196.62,202.85,0
89.03,205.19,0
85.65,227.38,0
83.92,113.36,0
87.20,210.55,0
84.87,126.41,0
98.00,124.76,0
181.52,158.39,0
96.47,222.99,0
146.47,80.85,0
194.88,215.86,0
89.31,129.07,0
95.28,95.31,0
83.94,222.42,0
84.95,171.40,0
92.30,85.03,0
186.19,167.77,0
157.73,83.55,0
190.87,196.92,0
86.00,85.39,0
103.50,168.77,0
91.13,145.70,0
187.27,136.31,0
88.83,180.45,0
99.58,91.03,0
177.18,184.03,0
103.23,193.97,0
183.98,93.91,0
151.25,104.47,0
85.19,200.18,0
199.23,208.75,0
179.16,122.65,0
190.20,142.25,0
194.02,111.45,0
182.48,175.29,0
162.39,98.74,0
186.12,187.65,0
199.15,199.85,0
156.76,99.61,0
194.76,240.64,0
146.28,84.10,0
82.43,118.39,0
188.63,136.06,0
124.01,89.31,0
85.35,82.48,0
84.59,96.11,0
83.15,206.85,0
181.04,239.33,0
94.25,192.48,0
160.48,100.90,0
191.73,124.01,0
184.52,147.43,0
198.45,228.75,0
182.30,105.67,0
117.67,103.77,0
93.11,120.51,0
196.23,197.90,0
132.96,102.75,0
133.32,104.15,0
122.96,105.51,0
96.28,185.74,0
99.68,193.61,0
88.71,112.82,0
102.57,107.17,0
149.93,109.42,0
84.18,181.72,0
82.90,137.41,0
199.70,168.92,0
135.88,82.23,0
191.81,105.26,0
145.29,106.46,0
90.78,108.38,0
108.30,98.69,0
98.67,181.31,0
93.24,105.18,0
96.98,86.27,0
186.42,167.16,0
100.69,101.93,0
101.65,80.48,0
94.44,88.27,0
94.08,170.52,0
188.60,124.51,0
174.91,95.46,0
182.23,95.52,0
116.47,112.20,0
185.65,236.17,0
151.78,106.67,0
196.59,100.45,0
197.62,236.57,0
104.22,118.00,0
137.48,106.45,0
183.78,191.86,0
171.22,106.05,0
80.88,107.01,0
87.51,242.31,0
98.42,163.18,0
187.66,234.52,0
99.18,151.08,0
183.52,242.90,0
116.16,86.19,0
96.83,242.58,0
115.49,92.99,0
87.65,161.95,0
108.33,82.96,0
185.04,105.45,0
179.10,138.41,0
123.22,99.81,0
178.65,233.67,0
89.86,191.19,0
91.52,207.84,0
96.85,236.78,0
177.71,192.65,0
91.17,88.49,0
83.51,189.94,0
189.05,161.04,0
82.17,212.71,0
199.76,155.41,0
195.46,90.90,0
179.97,191.16,0
84.26,191.39,0
92.65,138.36,0
92.79,112.43,0
103.09,237.91,0
198.12,127.80,0
87.31,105.59,0
86.82,178.65,0
126.54,92.63,0
187.35,155.81,0
84.55,152.80,0
114.68,112.05,0
95.33,156.63,0
178.52,115.40,0
149.17,85.75,0
166.20,94.68,0
87.38,151.03,0
192.32,217.06,0
141.26,86.58,0
92.90,92.53,0
92.34,128.39,0
182.19,133.72,0
191.86,149.04,0
89.37,205.48,0
94.17,157.82,0
98.91,235.81,0
188.64,147.63,0
89.62,188.40,0
177.15,192.41,0
90.55,141.98,0
187.47,169.81,0
187.92,192.23,0
122.64,98.69,0
97.58,184.27,0
88.90,228.12,0
181.26,121.04,0
87.41,189.05,0
156.13,104.18,0
160.53,112.96,0
191.83,107.19,0
146.15,97.54,0
117.76,101.80,0
101.15,165.56,0
198.39,144.16,0
89.70,193.99,0
173.75,111.41,0
100.89,144.54,0
192.32,232.76,0
198.41,105.32,0
195.27,228.72,0
190.33,153.43,0
182.91,243.07,0
101.52,147.58,0
199.24,233.18,0
164.43,101.54,0
80.38,108.45,0
89.55,233.08,0
87.50,161.25,0
101.70,205.04,0
95.62,217.98,0
102.06,136.21,0
99.10,86.88,0
198.81,133.33,0
192.86,146.62,0
96.32,171.34,0
143.34,107.28,0
88.32,131.91,0
98.98,118.45,0
96.83,143.80,0
119.78,82.70,0
97.93,99.81,0
187.97,219.42,0
98.51,226.68,0
167.32,89.61,0
197.18,228.92,0
194.51,218.26,0
94.60,163.67,0
197.33,100.47,0
196.78,128.49,0
189.47,102.35,0
91.74,118.84,0
195.42,164.33,0
187.06,171.54,0
184.24,127.82,0
98.72,208.44,0
190.34,149.89,0
144.47,85.45,0
88.65,133.86,0
90.08,164.08,0
95.42,114.74,0
99.54,154.18,0
190.28,134.17,0
87.81,81.30,0
85.13,147.37,0
158.26,92.32,0
103.51,197.66,0
89.69,242.66,0
132.58,105.70,0
81.33,127.33,0
199.34,153.67,0
182.87,115.96,0
123.02,84.94,0
193.29,226.37,0
183.94,208.67,0
101.11,159.26,0
86.53,151.68,0
116.90,86.93,0
177.59,118.48,0
90.09,191.57,0
192.70,239.51,0
192.06,92.78,0
125.87,99.04,0
101.24,230.25,0
162.57,106.60,0
179.79,122.06,0
84.77,204.65,0
176.93,89.30,0
141.17,102.63,0
192.36,113.58,0
98.90,128.88,0
186.43,129.92,0
184.10,198.17,0
193.30,166.29,0
83.50,130.76,0
89.07,129.27,0
193.73,213.86,0
100.39,94.29,0
181.35,214.96,0
97.13,156.33,0
199.12,194.34,0
195.48,164.55,0
193.85,94.65,0
170.20,110.86,0
119.72,92.73,0
164.55,111.48,0
141.57,97.18,0
193.54,107.42,0
83.81,195.26,0
179.79,171.33,0
188.21,146.63,0
191.79,153.95,0
199.46,220.63,0
86.65,233.36,0
161.67,102.70,0
177.87,145.13,0
197.44,133.07,0
158.95,93.08,0
101.44,214.39,0
139.49,82.14,0
160.52,102.91,0
157.08,89.20,0
82.70,218.51,0
140.75,95.88,0
178.78,236.38,0
98.75,116.76,0
112.90,112.83,0
98.18,215.10,0
81.03,162.63,0
188.71,144.63,0
182.60,216.53,0
195.91,154.98,0
194.76,93.08,0
95.07,211.24,0
108.21,96.24,0
187.01,101.80,0
181.58,80.97,0
99.92,161.46,0
199.99,237.32,0
85.60,149.45,0
81.49,96.70,0
100.17,89.11,0
171.44,106.50,0
187.58,98.18,0
96.10,229.41,0
184.46,113.80,0
80.99,235.35,0
127.36,99.67,0
187.36,95.41,0
104.38,190.47,0
84.24,182.45,0
179.04,105.96,0
196.57,151.92,0
181.09,140.27,0
173.88,83.13,0
181.46,167.16,0
154.40,104.63,0
96.29,177.38,0
189.91,99.30,0
86.84,188.65,0
172.11,87.00,0
99.19,132.67,0
198.86,156.15,0
199.99,93.46,0
181.75,146.51,0
86.86,175.79,0
104.28,206.72,0
103.52,101.13,0
186.71,107.34,0
96.34,237.83,0
81.80,129.11,0
132.96,103.04,0
198.11,90.16,0
127.60,93.18,0
102.71,213.23,0
180.76,235.31,0
196.07,128.52,0
179.77,101.51,0
197.91,189.28,0
90.01,156.06,0
186.47,154.71,0
194.70,128.61,0
136.74,89.15,0
180.28,108.50,0
178.36,192.32,0
187.45,112.24,0
192.09,185.37,0
93.50,217.71,0
160.24,95.82,0
96.71,175.64,0
177.61,208.50,0
99.23,94.34,0
190.71,98.16,0
197.89,171.92,0
130.69,82.62,0
95.64,224.97,0
90.58,205.19,0
131.81,86.50,0
172.34,113.25,0
186.41,139.21,0
187.96,193.51,0
155.20,99.10,0
89.94,162.01,0
197.52,142.98,0
178.01,111.16,0
98.74,176.08,0
197.47,199.34,0
89.68,131.95,0
103.53,135.72,0
88.13,202.72,0
91.56,211.49,0
105.62,98.30,0
92.04,123.11,0
187.28,211.74,0
84.00,186.72,0
101.99,170.27,0
194.15,231.41,0
103.40,83.76,0
165.81,101.28,0
195.25,217.57,0
179.98,190.31,0
145.99,106.19,0
183.18,86.62,0
98.83,154.36,0
81.60,127.46,0
163.37,88.51,0
121.79,89.34,0
186.41,114.31,0
189.40,242.25,0
126.28,102.54,0
104.52,102.85,0
93.59,174.11,0
145.37,109.62,0
86.21,176.67,0
193.36,201.54,0
128.20,108.07,0
158.07,105.99,0
105.79,112.18,0
94.37,241.59,0
108.22,92.48,0
185.35,242.63,0
87.78,93.92,0
190.70,106.10,0
118.03,81.23,0
131.02,87.36,0
191.76,163.64,0
80.39,108.86,0
87.66,165.89,0
162.08,82.63,0
85.20,83.72,0
97.00,122.58,0
94.41,107.03,0
99.92,242.06,0
121.22,85.37,0
190.95,151.40,0
91.70,83.23,0
93.39,226.07,0
87.59,224.74,0
102.55,165.13,0
197.54,108.97,0
153.75,92.06,0
100.50,133.93,0
102.27,196.26,0
179.41,126.22,0
104.86,88.93,0
185.89,225.36,0
181.60,163.95,0
187.99,197.83,0
124.56,82.25,0
168.77,86.27,0
101.37,119.19,0
181.29,234.92,0
200.26,243.49,0
83.68,175.46,0
91.79,189.64,0
128.93,106.54,0
81.03,227.69,0
154.38,81.10,0
100.28,112.49,0
191.73,165.58,0
162.15,87.30,0
105.13,93.79,0
146.39,99.05,0
82.57,140.66,0
197.07,85.56,0
81.42,193.11,0
180.44,145.03,0
197.56,164.12,0
147.40,82.35,0
200.46,174.11,0
90.54,181.42,0
89.28,106.83,0
95.30,140.41,0
141.66,91.56,0
128.80,85.63,0
174.50,96.19,0
172.12,102.65,0
188.66,185.00,0
129.68,83.10,0
152.31,95.79,0
193.38,129.91,0
181.50,96.80,0
178.61,138.88,0
181.27,121.63,0
190.89,124.41,0
178.88,235.71,0
167.19,86.03,0
173.68,102.41,0
182.52,181.01,0
187.86,103.54,0
87.22,219.73,0
159.51,96.11,0
95.09,182.10,0
103.55,237.64,0
88.92,179.59,0
187.06,205.84,0
191.07,113.61,0
90.56,143.16,0
111.44,106.30,0
89.20,153.66,0
85.35,98.32,0
81.64,128.08,0
93.62,162.68,0
180.82,227.38,0
188.38,167.77,0
102.67,117.01,0
198.58,197.42,0
192.01,178.64,0
191.13,122.20,0
90.95,182.37,0
126.82,96.07,0
148.15,103.86,0
198.84,131.06,0
83.59,123.54,0
86.02,157.85,0
184.72,235.62,0
106.37,111.52,0
192.79,172.29,0
128.44,104.85,0
185.30,167.34,0
83.34,185.74,0
132.48,111.22,0
103.61,177.95,0
182.98,116.21,0
88.29,196.20,0
187.78,152.84,0
200.41,150.24,0
102.76,204.80,0
178.04,188.78,0
196.44,98.68,0
97.59,218.30,0
198.51,90.64,0
103.32,186.06,0
153.30,91.70,0
80.61,126.88,0
89.89,222.82,0
195.29,183.51,0
177.15,100.72,0
186.40,129.02,0
104.75,97.09,0
194.90,149.70,0
150.91,101.74,0
116.66,106.40,0
99.59,150.13,0
191.71,172.84,0
191.83,132.34,0
91.30,130.25,0
179.60,187.96,0
179.95,191.42,0
194.85,108.06,0
88.21,230.43,0
181.06,130.55,0
151.80,108.45,0
81.19,214.71,0
169.09,108.20,0
104.28,240.79,0
141.96,96.25,0
92.91,120.47,0
169.64,99.88,0
194.16,185.16,0
93.76,130.87,0
115.71,90.45,0
187.12,203.99,0
111.05,108.54,0
90.23,188.70,0
161.55,103.83,0
84.78,106.50,0
82.46,84.82,0
88.90,86.01,0
187.82,117.01,0
112.18,94.24,0
179.64,227.03,0
191.85,231.56,0
135.09,90.73,0
101.10,128.74,0
166.03,91.23,0
142.52,88.13,0
182.72,92.35,0
182.82,108.29,0
81.02,239.71,0
101.61,217.52,0
80.92,92.93,0
187.83,238.57,0
175.72,92.65,0
186.84,148.83,0
100.25,235.64,0
101.88,194.68,0
199.60,222.91,0
142.52,81.70,0
131.38,108.65,0
183.85,143.42,0
91.36,91.44,0
120.51,88.35,0
135.98,93.94,0
101.18,127.28,0
182.27,186.01,0
90.24,145.69,0
134.02,95.35,0
135.88,103.39,0
108.73,108.08,0
101.64,157.82,0
193.20,204.78,0
172.74,94.14,0
198.31,152.26,0
198.67,173.38,0
167.30,91.22,0
98.32,82.92,0
85.14,221.61,0
177.04,135.15,0
185.74,150.19,0
80.62,161.81,0
86.14,167.12,0
113.18,95.60,0
183.83,228.12,0
94.67,237.24,0
198.67,99.33,0
198.79,222.88,0
178.15,219.33,0
93.24,229.58,0
194.28,86.04,0
173.84,91.15,0
100.46,113.62,0
195.13,216.24,0
192.57,202.36,0
188.41,192.50,0
99.13,92.48,0
96.50,115.51,0
199.56,87.57,0
111.82,81.69,0
178.14,160.02,0
197.92,121.14,0
92.07,146.73,0
196.65,149.43,0
103.23,237.15,0
187.53,219.13,0
191.25,221.17,0
190.50,155.57,0
91.47,176.48,0
198.08,197.08,0
148.11,93.62,0
87.25,83.04,0
99.58,139.33,0
112.09,82.20,0
91.36,168.67,0
178.53,171.94,0
97.55,81.37,0
106.62,84.78,0
118.86,106.47,0
96.62,236.52,0
112.87,87.66,0
192.04,130.58,0
163.70,101.71,0
91.41,193.62,0
187.59,211.04,0
86.07,224.59,0
156.38,107.23,0
161.06,83.20,0
178.88,107.76,0
96.65,138.96,0
94.35,99.93,0
91.73,173.04,0
165.75,103.14,0
86.00,229.87,0
140.68,105.49,0
156.41,95.57,0
193.30,235.73,0
198.25,145.96,0
87.92,187.84,0
114.41,106.07,0
151.71,110.27,0
88.58,147.80,0
82.72,96.04,0
191.40,103.65,0
188.30,220.75,0
185.37,149.37,0
88.81,173.37,0
92.78,136.58,0
197.50,85.44,0
95.05,240.44,0
190.61,214.97,0
82.64,129.35,0
86.72,196.08,0
106.72,104.54,0
92.54,234.53,0
193.77,110.62,0
199.40,221.26,0
160.23,90.68,0
179.96,211.77,0
199.62,157.55,0
99.55,95.62,0
177.70,136.16,0
152.31,110.36,0
84.69,216.65,0
110.10,94.90,0
94.60,199.03,0
189.19,150.16,0
136.75,95.45,0
101.39,156.22,0
104.49,199.15,0
133.65,94.20,0
196.90,165.20,0
198.04,172.60,0
195.58,98.50,0
185.80,169.42,0
182.73,137.26,0
81.90,87.16,0
131.25,88.87,0
149.66,99.33,0
196.61,195.19,0
185.61,161.21,0
187.26,112.66,0
85.51,212.14,0
185.57,186.87,0
196.36,190.12,0
88.80,89.25,0
118.67,80.76,0
182.92,92.70,0
85.65,124.40,0
122.64,85.02,0
192.79,178.47,0
178.73,183.19,0
84.29,132.76,0
104.19,209.17,0
199.72,104.56,0
183.56,128.63,0
138.75,102.29,0
82.79,216.68,0
89.63,241.70,0
193.52,225.55,0
184.93,106.72,0
143.98,111.27,0
161.93,109.88,0
85.38,164.85,0
103.35,220.10,0
121.14,106.46,0
99.22,184.27,0
102.41,210.54,0
103.54,106.88,0
117.75,110.79,0
96.05,100.44,0
112.62,100.50,0
164.24,93.16,0
102.04,108.87,0
150.61,80.77,0
184.40,203.60,0
85.01,236.36,0
113.18,99.95,0
178.57,198.90,0
191.88,204.62,0
179.03,237.73,0
199.44,118.94,0
97.38,154.45,0
81.78,221.36,0
98.27,161.44,0
156.34,87.06,0
83.03,226.88,0
187.87,113.60,0
96.75,216.75,0
82.10,227.96,0
193.08,87.19,0
128.97,106.05,0
186.04,174.57,0
104.74,90.98,0
198.92,104.94,0
185.86,203.83,0
197.33,85.51,0
117.85,105.59,0
86.87,92.03,0
183.22,227.47,0
94.51,135.82,0
111.00,84.13,0
130.02,93.99,0
93.86,242.24,0
159.39,98.17,0
102.27,98.16,0
182.79,163.00,0
90.94,206.18,0
117.91,91.10,0
188.34,85.10,0
192.30,93.20,0
85.07,131.02,0
190.95,111.12,0
166.29,91.82,0
144.67,87.08,0
178.54,188.48,0
189.41,200.83,0
82.23,130.74,0
100.02,194.63,0
81.47,143.95,0
85.53,142.85,0
89.79,122.92,0
103.94,226.18,0
186.63,239.44,0
183.72,209.69,0
161.98,105.49,0
80.83,102.56,0
101.98,106.67,0
193.40,242.37,0
85.85,228.90,0
94.87,225.22,0
86.73,196.83,0
188.78,195.78,0
98.70,193.85,0
192.55,123.63,0
85.72,175.72,0
156.18,94.14,0
192.98,151.00,0
191.00,155.18,0
182.29,210.35,0
90.34,189.61,0
172.96,100.29,0
188.19,214.77,0
147.62,84.43,0
102.77,137.56,0
121.75,81.09,0
193.29,150.39,0
179.18,176.16,0
98.06,132.63,0
146.58,85.20,0
197.31,164.30,0
94.45,95.83,0
192.70,141.87,0
181.15,186.03,0
85.35,167.17,0
89.65,136.83,0
199.08,174.05,0
188.56,117.25,0
181.41,224.70,0
117.25,105.37,0
190.64,170.81,0
193.64,111.54,0
94.10,166.49,0
180.27,86.79,0
99.54,147.74,0
95.11,173.05,0
102.10,233.71,0
90.93,110.15,0
102.19,142.60,0
199.02,105.31,0
85.91,120.09,0
196.02,175.82,0
180.10,140.77,0
182.71,105.06,0
111.70,109.83,0
164.89,97.98,0
130.89,109.84,0
168.82,85.44,0
178.38,141.83,0
96.17,99.42,0
194.87,171.96,0
88.39,187.92,0
91.71,163.78,0
192.95,91.12,0
122.74,83.68,0
174.33,91.78,0
93.70,127.96,0
195.40,186.08,0
176.45,143.16,0
186.50,156.31,0
178.23,202.39,0
190.54,95.63,0
101.94,96.64,0
192.23,179.61,0
92.70,153.54,0
100.87,160.87,0
100.59,185.67,0
199.65,215.26,0
192.99,96.27,0
182.58,82.68,0
138.49,103.64,0
89.53,153.09,0
193.24,90.86,0
177.26,232.37,0
183.85,144.83,0
83.86,178.66,0
89.30,91.56,0
199.13,102.97,0
190.33,81.81,0
191.59,138.21,0
91.60,218.20,0
92.46,134.41,0
141.97,89.97,0
198.50,127.22,0
180.95,197.31,0
195.67,209.49,0
178.95,131.07,0
156.16,103.96,0
92.55,121.71,0
97.14,144.40,0
90.69,138.39,0
190.88,229.24,0
103.99,87.87,0
180.77,119.42,0
99.88,129.28,0
184.32,225.29,0
190.59,148.16,0
179.29,218.32,0
180.60,171.40,0
125.18,87.30,0
88.90,164.89,0
97.76,113.64,0
81.89,221.89,0
98.92,115.93,0
146.93,97.18,0
136.51,103.49,0
88.27,210.22,0
187.55,121.85,0
198.97,183.07,0
142.93,103.92,0
183.69,186.30,0
96.58,162.82,0
85.41,154.25,0
101.88,163.84,0
107.20,94.70,0
176.44,133.06,0
92.46,206.36,0
85.45,150.77,0
137.83,89.74,0
86.07,118.53,0
86.04,111.90,0
195.98,217.74,0
162.64,89.36,0
93.58,115.32,0
187.83,162.29,0
131.12,101.52,0
182.62,199.12,0
94.46,80.35,0
102.75,124.95,0
181.74,222.94,0
85.07,90.77,0
182.54,180.49,0
94.25,199.26,0
157.58,111.03,0
199.55,228.91,0
91.35,229.92,0
97.69,230.03,0
194.38,129.46,0
91.99,221.38,0
189.90,101.68,0
117.60,110.84,0
93.51,175.83,0
178.39,227.43,0
157.68,90.03,0
171.68,82.90,0
189.49,162.14,0
199.21,187.48,0
118.53,83.45,0
161.95,99.03,0
192.41,233.24,0
85.55,83.23,0
184.67,121.77,0
181.77,171.12,0
99.73,186.46,0
142.36,95.49,0
191.10,90.92,0
165.36,81.83,0
82.82,172.78,0
104.22,163.37,0
174.46,88.50,0
139.20,101.99,0
135.98,107.20,0
94.16,156.68,0
92.49,184.43,0
88.52,219.29,0
96.48,99.20,0
86.40,161.15,0
102.19,182.19,0
91.23,116.86,0
198.67,160.61,0
96.38,166.30,0
98.04,200.06,0
89.67,164.95,0
172.57,113.04,0
179.87,214.84,0
164.37,109.66,0
136.71,84.94,0
84.90,110.17,0
166.89,86.83,0
197.21,192.90,0
115.96,104.79,0
198.78,111.17,0
199.50,109.96,0
135.13,81.73,0
95.26,214.01,0
181.51,218.54,0
174.03,84.44,0
192.38,161.04,0
145.92,103.66,0
102.40,116.41,0
280.56,476.14,1
379.49,435.16,1
361.25,452.54,1
301.12,441.03,1
378.27,523.54,1
346.16,418.28,1
281.14,530.64,1
356.71,466.06,1
351.03,445.72,1
354.72,522.73,1
287.81,384.59,1
381.26,525.66,1
376.31,394.72,1
390.26,401.42,1
300.23,480.60,1
337.52,506.05,1
377.45,398.95,1
347.70,384.25,1
299.58,381.37,1
348.15,406.38,1
391.73,509.48,1
348.59,405.83,1
364.99,452.37,1
378.67,433.06,1
354.53,526.62,1
293.05,503.22,1
320.57,529.02,1
374.77,494.93,1
357.31,395.92,1
312.27,499.85,1
306.48,379.82,1
374.05,462.14,1
307.75,459.00,1
337.31,420.43,1
377.40,523.52,1
383.00,485.30,1
349.55,461.53,1
389.31,467.86,1
380.90,378.41,1
319.49,388.68,1
310.35,472.66,1
346.89,406.02,1
319.17,482.75,1
351.37,431.07,1
315.28,431.17,1
376.00,500.53,1
346.62,499.53,1
311.44,423.10,1
294.52,419.81,1
357.79,378.13,1
306.66,473.39,1
379.61,385.63,1
342.49,407.97,1
279.96,468.12,1
300.45,374.15,1
332.30,466.89,1
316.87,511.13,1
347.02,523.15,1
330.63,453.53,1
329.90,468.24,1
335.36,426.34,1
314.96,449.98,1
333.07,446.67,1
362.54,502.96,1
378.05,469.10,1
345.78,458.63,1
379.44,388.02,1
304.76,465.04,1
353.54,521.91,1
307.39,495.14,1
383.79,506.06,1
279.50,399.49,1
336.63,372.87,1
354.28,421.85,1
355.86,455.64,1
341.80,503.92,1
355.62,427.54,1
374.51,505.05,1
354.39,455.23,1
322.93,504.09,1
337.20,521.59,1
358.37,515.01,1
283.05,456.96,1
345.06,454.20,1
366.83,434.27,1
294.38,481.42,1
302.29,483.69,1
387.25,517.36,1
372.66,397.31,1
387.83,517.98,1
379.83,448.00,1
313.11,400.33,1
290.94,420.33,1
387.56,410.30,1
292.90,400.42,1
360.50,452.81,1
360.77,372.31,1
316.36,511.83,1
345.13,412.63,1
323.93,488.36,1
386.43,531.15,1
370.43,511.11,1
331.15,476.08,1
370.01,524.23,1
314.88,410.02,1
303.38,449.82,1
311.67,512.75,1
336.41,388.32,1
306.82,513.36,1
320.34,474.02,1
312.31,473.40,1
274.86,527.35,1
308.90,376.37,1
377.45,377.18,1
288.83,377.19,1
348.63,397.54,1
365.28,375.80,1
332.42,520.25,1
291.98,510.85,1
384.96,416.97,1
296.47,422.74,1
301.46,408.40,1
314.78,426.39,1
372.86,377.75,1
283.34,514.55,1
368.12,478.67,1
295.31,438.57,1
346.89,378.38,1
324.38,387.31,1
379.52,381.23,1
297.85,453.88,1
287.22,495.17,1
284.02,410.99,1
355.43,523.44,1
325.46,399.59,1
336.52,474.30,1
360.20,401.98,1
385.61,402.31,1
326.98,405.40,1
344.17,442.39,1
388.94,519.79,1
360.94,413.81,1
391.23,389.25,1
298.21,434.03,1
274.07,517.82,1
273.86,421.36,1
311.61,520.92,1
355.57,463.22,1
379.88,461.99,1
293.44,395.07,1
373.96,513.92,1
290.88,476.14,1
274.84,401.98,1
330.67,373.09,1
330.58,434.32,1
374.60,373.31,1
364.34,408.07,1
279.40,439.58,1
273.60,409.96,1
320.67,491.42,1
300.26,483.13,1
348.42,481.70,1
310.37,389.84,1
294.32,383.82,1
325.52,385.96,1
330.08,501.02,1
294.09,495.94,1
320.42,421.30,1
341.52,414.37,1
281.01,513.00,1
292.53,444.36,1
342.95,406.78,1
276.37,511.18,1
320.36,404.66,1
347.82,441.12,1
335.83,454.64,1
321.98,442.74,1
281.04,485.22,1
390.31,490.33,1
375.91,515.48,1
357.93,437.88,1
339.37,426.88,1
359.42,439.20,1
378.29,475.81,1
310.07,420.12,1
298.76,489.38,1
374.52,532.56,1
304.56,372.65,1
341.88,379.92,1
392.70,376.70,1
348.73,508.31,1
364.50,465.32,1
286.46,424.74,1
382.70,510.34,1
388.65,489.66,1
281.59,461.62,1
277.28,380.98,1
356.48,500.60,1
353.00,490.25,1
322.80,475.64,1
365.42,482.14,1
302.06,491.47,1
333.12,411.35,1
343.27,503.25,1
301.56,506.67,1
363.05,403.29,1
368.28,506.02,1
326.17,425.60,1
330.42,438.64,1
350.77,399.96,1
378.82,382.45,1
288.32,485.82,1
275.76,419.65,1
358.45,439.77,1
370.05,490.56,1
332.01,442.00,1
343.93,392.34,1
273.31,373.74,1
389.87,518.68,1
333.48,500.78,1
383.86,524.69,1
331.56,475.42,1
353.10,507.82,1
348.56,371.69,1
371.47,466.61,1
332.23,383.07,1
355.53,487.14,1
325.88,437.38,1
356.51,390.89,1
314.96,469.28,1
330.54,469.02,1
388.15,489.07,1
299.80,493.12,1
377.39,459.73,1
331.41,414.64,1
332.06,427.21,1
378.81,525.71,1
337.58,531.42,1
352.14,469.19,1
387.06,401.85,1
329.47,495.33,1
336.93,440.85,1
309.87,510.74,1
383.76,499.54,1
382.43,454.20,1
389.01,373.51,1
361.80,526.97,1
392.16,448.32,1
381.41,433.50,1
389.93,442.37,1
319.60,458.56,1
280.39,500.66,1
301.89,474.11,1
335.50,501.43,1
314.29,456.68,1
354.26,482.92,1
377.91,426.25,1
280.83,523.19,1
334.49,436.29,1
348.23,520.04,1
275.08,526.04,1
327.76,371.09,1
371.17,439.63,1
308.15,505.23,1
377.69,395.58,1
355.54,430.82,1
291.64,448.61,1
336.36,446.32,1
367.95,471.63,1
320.40,392.35,1
275.97,431.68,1
279.42,459.35,1
385.26,512.42,1
299.25,481.82,1
278.66,478.66,1
349.28,516.32,1
363.53,402.71,1
323.17,410.06,1
368.58,432.11,1
337.92,418.60,1
374.49,417.67,1
316.03,417.77,1
350.16,407.95,1
276.32,507.79,1
275.02,414.52,1
363.83,413.29,1
338.81,398.67,1
377.99,426.70,1
346.35,377.77,1
370.08,529.89,1
273.43,432.92,1
297.65,411.15,1
323.23,409.83,1
342.82,475.59,1
339.22,375.92,1
285.42,400.26,1
360.95,405.78,1
308.71,435.32,1
343.39,439.30,1
367.12,393.03,1
318.18,501.22,1
319.58,493.52,1
317.17,431.90,1
311.06,497.68,1
363.72,506.93,1
327.06,446.01,1
326.71,521.22,1
291.78,456.77,1
304.90,472.22,1
330.62,452.18,1
386.08,483.92,1
391.26,415.42,1
345.87,509.71,1
274.55,427.27,1
315.21,458.08,1
348.07,528.72,1
373.49,484.54,1
279.35,488.95,1
375.86,418.71,1
274.89,446.65,1
299.01,373.49,1
383.00,438.88,1
308.41,498.15,1
334.84,403.51,1
293.36,520.31,1
317.54,512.37,1
302.64,425.81,1
277.21,495.34,1
384.06,405.57,1
356.51,485.96,1
385.33,451.99,1
362.95,439.15,1
351.76,422.30,1
338.58,429.07,1
377.68,491.18,1
320.38,528.62,1
294.31,496.84,1
363.03,432.34,1
325.54,416.57,1
321.71,490.99,1
336.42,451.13,1
322.38,411.95,1
375.46,428.13,1
320.69,442.67,1
392.74,400.85,1
387.70,481.63,1
299.37,457.16,1
361.97,405.63,1
322.50,496.56,1
392.11,480.39,1
341.08,526.43,1
302.57,394.82,1
363.53,489.45,1
287.84,524.93,1
287.36,462.00,1
295.97,373.69,1
323.73,453.68,1
282.49,445.66,1
296.78,470.76,1
299.25,387.21,1
357.86,473.94,1
369.70,380.18,1
328.98,412.73,1
373.83,412.39,1
307.75,387.24,1
319.98,464.42,1
327.75,497.33,1
340.15,478.67,1
373.79,384.66,1
386.93,518.05,1
340.46,503.50,1
376.88,517.14,1
275.68,402.86,1
374.53,499.39,1
387.14,495.87,1
345.05,410.13,1
330.51,488.20,1
380.75,439.58,1
281.97,379.98,1
327.62,428.93,1
345.95,468.34,1
323.15,388.11,1
360.27,377.74,1
344.90,506.30,1
296.73,385.00,1
301.84,456.42,1
373.90,494.98,1
356.40,394.58,1
302.25,427.91,1
285.19,438.88,1
328.06,495.43,1
369.40,532.80,1
333.28,446.53,1
273.98,474.65,1
342.43,477.93,1
384.89,408.95,1
345.81,452.57,1
329.25,528.80,1
369.70,412.23,1
301.26,477.62,1
369.95,488.97,1
359.38,399.29,1
274.31,431.09,1
286.17,450.02,1
351.84,387.33,1
311.95,376.96,1
324.54,477.19,1
357.21,422.01,1
296.59,462.37,1
365.72,458.40,1
380.82,373.47,1
341.61,491.76,1
330.18,506.55,1
388.30,425.71,1
293.19,454.35,1
335.73,391.75,1
328.33,482.35,1
354.92,393.90,1
331.02,505.59,1
374.48,375.99,1
350.20,518.28,1
333.83,495.20,1
377.80,471.18,1
331.48,431.76,1
385.11,447.28,1
353.67,515.88,1
374.12,431.94,1
380.17,434.09,1
349.92,462.50,1
378.47,503.85,1
321.64,479.34,1
336.45,499.13,1
345.39,456.00,1
285.59,489.66,1
351.18,500.20,1
313.29,509.59,1
369.27,506.54,1
372.11,420.16,1
307.82,414.66,1
347.83,417.53,1
274.09,486.99,1
305.19,472.47,1
375.93,478.26,1
291.35,378.59,1
307.74,528.36,1
341.85,498.50,1
337.27,489.38,1
322.63,459.98,1
324.72,392.14,1
273.53,468.67,1
364.88,509.95,1
315.22,515.19,1
346.03,378.92,1
341.07,422.09,1
285.96,401.66,1
278.96,373.03,1
375.75,447.93,1
355.53,414.75,1
276.59,380.55,1
286.33,528.65,1
292.12,418.52,1
370.13,512.15,1
341.26,459.32,1
364.08,487.31,1
301.25,439.18,1
279.12,426.81,1
280.23,413.07,1
380.53,375.56,1
311.39,464.17,1
308.78,386.10,1
317.61,486.91,1
349.15,459.47,1
335.63,434.30,1
316.03,481.81,1
313.28,512.23,1
278.71,377.81,1
341.12,468.96,1
280.38,491.98,1
311.37,484.92,1
290.68,424.49,1
392.71,417.00,1
324.28,423.34,1
288.53,515.31,1
314.13,451.49,1
289.05,422.43,1
307.76,443.91,1
354.82,530.37,1
378.75,427.37,1
318.96,475.60,1
392.45,373.10,1
290.19,472.63,1
276.45,409.65,1
356.29,524.95,1
280.80,395.79,1
329.54,485.57,1
391.88,483.23,1
300.95,496.75,1
385.64,494.96,1
339.35,452.86,1
372.53,447.96,1
344.36,421.12,1
295.80,512.02,1
318.84,406.18,1
378.68,374.76,1
287.04,416.70,1
373.13,516.71,1
388.57,440.10,1
323.88,436.21,1
286.50,489.17,1
346.45,398.47,1
379.53,433.54,1
346.19,402.08,1
283.30,463.13,1
317.81,386.38,1
365.68,403.65,1
380.89,526.76,1
303.20,407.39,1
386.66,518.45,1
392.82,414.20,1
334.93,411.99,1
383.59,496.36,1
287.27,524.26,1
326.88,459.62,1
353.72,406.84,1
341.87,424.48,1
344.98,490.95,1
294.52,461.75,1
340.68,427.51,1
353.96,475.23,1
286.64,455.45,1
299.00,395.24,1
319.98,515.68,1
340.85,393.04,1
390.83,507.91,1
384.39,435.93,1
383.01,528.98,1
391.13,508.32,1
373.17,440.20,1
350.94,418.94,1
309.04,447.62,1
277.54,372.97,1
312.39,443.66,1
334.74,525.94,1
300.46,391.37,1
355.36,409.81,1
392.45,512.69,1
354.44,463.20,1
343.17,454.06,1
280.83,455.93,1
346.25,463.51,1
318.26,427.04,1
292.50,503.03,1
297.35,460.79,1
356.46,411.64,1
333.97,389.15,1
295.26,455.26,1
387.64,377.76,1
278.76,458.46,1
355.06,431.43,1
348.18,448.91,1
299.54,379.08,1
323.24,483.38,1
385.89,525.93,1
343.42,531.05,1
363.80,457.94,1
359.09,493.00,1
338.89,464.34,1
301.51,495.02,1
291.46,466.56,1
318.35,398.69,1
577.06,367.66,2
558.70,360.64,2
558.90,399.88,2
508.82,375.68,2
546.96,363.94,2
558.07,362.25,2
508.82,369.15,2
575.50,346.78,2
572.08,372.14,2
573.09,345.69,2
519.30,389.52,2
558.85,332.99,2
544.08,290.17,2
506.77,347.17,2
568.35,369.10,2
575.33,379.86,2
502.58,384.01,2
555.18,381.65,2
564.39,306.12,2
503.15,354.24,2
553.96,390.69,2
552.50,372.72,2
545.27,327.14,2
524.23,374.55,2
553.79,350.46,2
578.27,315.97,2
517.65,337.03,2
526.66,351.34,2
548.27,339.48,2
578.68,357.40,2
590.36,387.27,2
544.83,378.19,2
526.36,365.16,2
570.46,363.66,2
528.23,361.98,2
570.31,293.14,2
575.32,391.55,2
586.27,348.67,2
500.13,365.10,2
546.74,283.99,2
537.11,351.88,2
572.51,308.67,2
559.35,368.90,2
544.49,392.98,2
568.42,390.07,2
583.25,388.27,2
520.83,314.09,2
585.31,358.30,2
519.63,339.59,2
497.48,356.15,2
551.75,334.10,2
512.98,352.56,2
515.30,379.97,2
566.98,370.98,2
520.36,371.24,2
524.93,318.42,2
520.65,372.32,2
541.49,302.58,2
571.84,398.13,2
545.24,300.89,2
588.70,369.47,2
567.72,337.88,2
582.18,374.39,2
543.68,368.20,2
535.04,284.15,2
577.75,351.78,2
526.74,366.43,2
572.10,320.95,2
558.02,343.47,2
509.26,348.86,2
516.09,306.61,2
592.36,379.62,2
537.03,373.35,2
587.02,373.59,2
593.74,379.09,2
547.82,317.64,2
580.19,382.11,2
538.96,320.88,2
559.07,321.29,2
534.17,367.16,2
579.70,369.12,2
567.45,357.05,2
558.94,309.83,2
564.51,401.53,2
562.61,307.06,2
563.76,378.48,2
587.57,388.16,2
533.73,343.36,2
502.19,374.20,2
579.41,382.46,2
554.22,288.90,2
537.72,343.35,2
511.87,384.02,2
519.25,367.80,2
519.55,349.19,2
529.34,316.12,2
574.44,315.47,2
542.26,298.14,2
534.93,389.93,2
594.11,364.64,2
512.17,382.96,2
543.58,394.52,2
536.73,301.80,2
554.81,377.57,2
502.34,368.47,2
575.76,363.18,2
562.24,338.17,2
575.33,336.64,2
582.99,366.16,2
579.64,376.66,2
558.24,380.22,2
543.98,396.76,2
564.86,400.89,2
537.02,348.21,2
510.15,353.97,2
590.30,387.31,2
525.93,377.23,2
585.04,383.87,2
578.48,311.99,2
579.70,355.91,2
574.11,379.87,2
546.89,384.82,2
498.53,372.10,2
578.88,298.60,2
593.50,358.62,2
506.05,364.80,2
561.36,372.98,2
549.69,294.66,2
513.82,342.68,2
540.86,332.06,2
545.48,311.05,2
498.58,365.98,2
529.72,287.24,2
537.40,313.78,2
545.28,286.50,2
556.56,321.96,2
563.93,304.17,2
557.95,309.41,2
519.76,296.73,2
559.73,304.61,2
546.71,324.97,2
521.24,340.98,2
549.32,324.97,2
531.01,341.96,2
533.05,314.61,2
568.72,307.64,2
584.23,367.04,2
579.86,380.12,2
556.46,390.11,2
536.57,347.64,2
551.97,320.02,2
545.49,317.87,2
528.22,388.28,2
544.02,343.41,2
549.21,282.75,2
595.44,378.50,2
536.35,394.85,2
566.20,304.19,2
554.01,395.50,2
532.62,323.79,2
565.74,387.40,2
522.88,397.65,2
562.43,321.15,2
520.49,356.44,2
531.35,396.39,2
585.48,357.84,2
532.41,322.00,2
535.16,373.99,2
544.38,356.48,2
582.57,345.64,2
586.50,379.91,2
562.25,366.12,2
545.13,300.45,2
571.33,390.09,2
499.34,369.84,2
518.18,308.99,2
561.02,320.55,2
590.25,370.36,2
591.66,362.89,2
531.62,349.50,2
522.12,375.62,2
553.11,362.00,2
556.56,323.18,2
554.61,303.75,2
512.44,306.09,2
556.62,357.32,2
516.61,378.30,2
539.32,371.81,2
578.93,354.63,2
545.47,393.34,2
548.39,375.01,2
594.33,376.10,2
553.99,371.08,2
533.05,346.59,2
567.68,309.73,2
525.98,354.91,2
572.06,359.72,2
558.69,283.93,2
578.91,369.89,2
525.50,323.72,2
532.66,357.11,2
551.75,382.96,2
534.50,397.68,2
552.19,357.02,2
532.23,343.99,2
591.86,364.70,2
559.07,317.14,2
516.86,299.32,2
563.63,385.14,2
565.24,397.49,2
501.76,368.26,2
538.17,377.23,2
533.68,309.51,2
593.79,376.56,2
540.99,369.46,2
561.61,294.02,2
544.99,356.60,2
568.74,392.39,2
537.27,384.10,2
541.87,295.88,2
561.71,364.66,2
544.12,346.20,2
556.34,362.64,2
532.38,299.69,2
549.02,299.13,2
496.50,371.48,2
513.16,392.60,2
559.85,292.95,2
572.15,339.14,2
518.03,336.71,2
524.30,313.88,2
555.81,345.92,2
534.34,328.04,2
517.22,317.47,2
532.20,378.50,2
543.26,368.14,2
576.53,356.00,2
532.72,326.51,2
586.46,342.64,2
544.26,308.87,2
593.38,381.04,2
566.16,296.75,2
570.93,304.11,2
554.35,328.26,2
525.52,351.04,2
556.54,363.29,2
544.27,349.79,2
556.27,324.91,2
536.33,353.98,2
548.80,321.63,2
576.96,391.38,2
543.15,358.31,2
556.32,298.00,2
582.60,350.43,2
557.56,305.95,2
538.87,357.80,2
569.11,313.61,2
555.47,318.89,2
553.79,388.13,2
565.24,288.06,2
529.87,344.19,2
539.37,392.85,2
552.88,311.70,2
546.65,311.36,2
515.92,359.40,2
558.94,366.86,2
568.75,320.57,2
545.94,338.10,2
542.28,345.65,2
554.80,361.49,2
553.57,329.59,2
549.43,371.30,2
561.28,317.46,2
536.59,351.94,2
533.95,287.54,2
539.03,334.22,2
575.25,319.40,2
530.15,390.42,2
541.56,357.72,2
500.74,367.98,2
591.93,369.10,2
559.47,362.30,2
528.68,353.25,2
571.17,364.36,2
578.76,381.14,2
515.82,340.56,2
535.07,377.85,2
566.77,313.13,2
562.21,331.55,2
559.06,364.03,2
547.69,370.09,2
500.24,351.31,2
569.71,353.40,2
563.29,334.80,2
532.75,311.64,2
514.10,347.68,2
572.92,349.19,2
512.44,357.20,2
591.78,384.61,2
557.24,321.58,2
534.30,372.98,2
558.33,369.18,2
592.64,383.99,2
573.09,315.36,2
572.44,380.04,2
525.25,370.58,2
555.01,353.03,2
534.78,398.32,2
557.86,335.43,2
594.36,352.09,2
547.67,286.95,2
530.41,334.28,2
515.42,357.79,2
540.60,401.67,2
525.09,355.28,2
576.57,374.62,2
567.78,356.79,2
556.29,326.61,2
559.77,336.10,2
516.36,359.38,2
505.02,365.95,2
599.28,359.93,2
554.07,318.53,2
524.80,317.89,2
548.95,293.35,2
567.21,325.13,2
547.85,285.11,2
587.82,350.19,2
588.26,385.78,2
525.11,378.47,2
582.32,370.07,2
560.89,323.27,2
595.40,365.67,2
599.58,362.77,2
576.17,359.74,2
568.08,365.22,2
525.39,293.82,2
571.75,338.60,2
540.52,335.11,2
522.36,368.84,2
514.61,350.47,2
566.24,386.89,2
557.32,301.19,2
566.68,373.29,2
508.37,359.10,2
535.73,372.30,2
517.57,345.90,2
516.11,352.82,2
543.30,304.60,2
558.48,385.13,2
516.78,385.60,2
552.99,353.51,2
513.57,348.34,2
580.96,302.90,2
547.79,389.94,2
520.54,364.57,2
529.72,291.45,2
594.42,376.93,2
546.80,386.81,2
573.86,339.09,2
532.35,338.75,2
525.10,374.32,2
565.55,395.81,2
521.11,310.14,2
533.88,285.47,2
523.47,359.31,2
555.13,294.97,2
585.51,391.50,2
564.40,398.56,2
529.34,337.22,2
517.40,382.90,2
564.18,366.56,2
579.77,355.15,2
562.71,399.25,2
542.14,355.29,2
510.09,376.03,2
559.74,312.70,2
520.29,338.06,2
566.60,398.75,2
559.28,302.80,2
536.17,336.13,2
539.60,299.90,2
579.13,298.87,2
551.22,369.04,2
578.01,295.83,2
562.57,398.58,2
511.42,349.49,2
558.33,361.77,2
580.51,355.66,2
577.04,310.98,2
544.66,390.61,2
549.85,379.92,2
558.04,391.46,2
555.30,311.07,2
584.02,344.90,2
535.13,384.49,2
536.38,395.05,2
526.90,369.01,2
561.94,346.53,2
527.38,315.71,2
545.99,393.43,2
549.63,376.92,2
583.45,370.30,2
528.22,379.01,2
567.53,320.10,2
523.93,382.20,2
548.01,333.45,2
571.05,324.16,2
515.23,305.26,2
561.70,368.63,2
592.75,367.86,2
541.59,311.65,2
539.11,322.93,2
526.97,391.86,2
576.13,364.60,2
560.23,331.21,2
538.97,302.75,2
535.66,353.60,2
552.63,363.77,2
562.22,390.99,2
522.67,337.69,2
559.91,289.60,2
549.42,348.73,2
573.18,341.92,2
516.78,371.59,2
547.73,371.58,2
582.24,371.33,2
575.85,390.44,2
532.89,291.25,2
534.27,300.50,2
508.67,365.59,2
541.59,302.40,2
539.71,395.62,2
498.83,378.94,2
570.02,384.70,2
591.63,355.06,2
538.75,390.71,2
594.25,370.83,2
536.90,389.95,2
579.84,306.66,2
562.04,377.60,2
558.56,395.42,2
579.27,374.99,2
559.03,380.03,2
550.86,324.04,2
527.46,295.63,2
556.24,296.12,2
576.16,340.39,2
519.23,350.95,2
574.44,345.07,2
546.71,350.52,2
562.79,291.72,2
548.36,377.29,2
518.75,340.17,2
594.61,370.37,2
579.93,347.39,2
559.52,384.29,2
581.66,361.44,2
500.62,353.60,2
542.11,376.05,2
528.16,357.51,2
534.80,345.75,2
583.56,341.03,2
560.57,400.91,2
557.90,289.01,2
562.06,356.17,2
566.43,375.33,2
533.86,347.59,2
564.64,390.62,2
564.08,310.07,2
550.63,340.07,2
547.75,402.06,2
523.45,290.56,2
519.12,365.88,2
499.40,371.14,2
562.43,314.12,2
546.88,291.21,2
560.65,286.97,2
545.62,309.05,2
526.56,361.12,2
569.61,367.72,2
535.32,378.64,2
564.70,333.31,2
598.49,363.66,2
582.12,392.49,2
532.84,364.77,2
549.14,344.83,2
535.35,383.61,2
589.24,377.82,2
550.98,359.35,2
540.19,295.77,2
541.40,395.55,2
517.40,384.82,2
529.26,312.78,2
534.23,312.01,2
572.44,392.02,2
553.85,324.17,2
578.55,338.42,2
591.80,359.44,2
554.63,379.76,2
565.93,318.92,2
549.76,309.17,2
558.50,383.79,2
514.46,369.25,2
530.43,287.86,2
529.46,341.95,2
590.93,346.81,2
530.97,343.44,2
563.08,301.64,2
532.23,363.90,2
545.47,283.58,2
578.17,341.39,2
539.92,333.31,2
525.59,360.08,2
551.29,325.56,2
526.90,343.45,2
564.63,396.06,2
507.54,347.54,2
578.48,391.14,2
570.03,336.80,2
521.93,358.72,2
564.16,297.68,2
513.41,347.77,2
550.50,302.25,2
569.58,392.90,2
556.01,294.86,2
534.64,299.21,2
562.66,307.49,2
555.88,377.50,2
541.30,304.49,2
547.21,326.53,2
544.78,303.30,2
553.56,390.66,2
516.84,340.23,2
524.42,289.80,2
540.29,307.39,2
525.10,366.73,2
564.52,283.63,2
541.60,301.30,2
569.92,306.15,2
589.27,372.34,2
526.29,345.34,2
576.41,350.02,2
505.05,349.52,2
589.40,350.87,2
584.90,361.79,2
590.36,345.79,2
585.39,354.59,2
565.57,302.89,2
527.12,324.49,2
566.41,298.49,2
548.24,386.07,2
571.48,341.28,2
526.77,335.48,2
571.25,305.55,2
549.75,305.76,2
562.01,365.90,2
545.20,386.36,2
514.28,360.16,2
517.38,375.34,2
583.51,350.89,2
580.04,380.91,2
599.73,364.47,2
527.23,307.81,2
509.26,387.48,2
540.83,338.63,2
540.58,385.71,2
557.40,316.14,2
554.84,349.34,2
551.22,317.97,2
198.08,206.81,-1
205.34,532.05,-1
321.02,151.46,-1
426.81,502.18,-1
85.61,395.80,-1
208.24,413.35,-1
376.49,289.24,-1
604.00,184.11,-1
565.53,360.86,-1
319.81,483.18,-1
181.22,317.57,-1
315.05,159.22,-1
366.02,362.41,-1
605.17,158.41,-1
351.28,259.51,-1
376.60,444.27,-1
594.27,88.41,-1
195.54,524.71,-1
539.61,502.19,-1
396.70,181.17,-1
404.60,275.96,-1
228.43,195.05,-1
425.43,207.57,-1
500.07,113.99,-1
202.02,96.30,-1
484.22,304.04,-1
86.67,421.80,-1
277.67,400.26,-1
290.28,284.59,-1
449.02,165.42,-1
406.66,413.35,-1
94.71,163.08,-1
267.17,367.26,-1
567.04,222.36,-1
525.29,471.55,-1
318.02,107.94,-1
290.06,204.85,-1
119.86,200.17,-1
266.99,404.62,-1
91.48,191.41,-1
75.98,112.54,-1
170.40,345.00,-1
510.64,114.23,-1
119.58,520.76,-1
264.94,84.70,-1
188.41,513.09,-1
534.70,231.36,-1
570.33,71.97,-1
123.09,186.25,-1
301.14,503.01,-1
134.55,444.60,-1
445.64,223.02,-1
259.43,509.75,-1
212.93,413.94,-1
421.47,360.73,-1
586.75,362.25,-1
287.69,160.76,-1
534.96,403.86,-1
583.28,292.11,-1
212.78,369.41,-1
376.76,525.47,-1
535.44,285.39,-1
426.47,428.85,-1
216.77,301.81,-1
126.91,227.69,-1
478.28,460.63,-1
316.89,281.06,-1
150.68,500.78,-1
209.61,502.99,-1
133.65,141.53,-1
518.27,395.20,-1
236.03,251.35,-1
477.68,123.69,-1
280.07,266.52,-1
444.83,429.15,-1
455.55,337.72,-1
253.37,257.05,-1
129.71,204.99,-1
96.97,81.14,-1
241.90,299.75,-1
164.31,518.03,-1
463.10,151.64,-1
151.11,503.14,-1
257.41,224.17,-1
178.06,216.51,-1
281.07,429.51,-1
545.70,165.44,-1
342.42,475.95,-1
486.67,479.55,-1
265.73,385.16,-1
236.96,531.56,-1
249.77,457.50,-1
161.53,210.82,-1
588.90,149.92,-1
393.37,145.73,-1
209.65,438.19,-1
499.44,241.81,-1
157.20,150.33,-1
488.48,292.36,-1
121.73,214.13,-1
160.03,363.53,-1
203.42,459.75,-1
78.35,120.74,-1
81.82,295.30,-1
71.73,520.49,-1
166.83,310.86,-1
307.68,375.93,-1
231.16,89.19,-1
82.68,74.47,-1
367.95,97.66,-1
402.08,483.97,-1
208.46,432.60,-1
210.14,510.32,-1
229.28,276.95,-1
179.98,332.08,-1
237.74,449.66,-1
599.98,527.35,-1
345.24,207.24,-1
335.98,237.77,-1
87.14,106.05,-1
375.19,471.17,-1
119.10,80.97,-1
472.36,283.36,-1
358.91,92.23,-1
541.51,85.60,-1
79.23,241.96,-1
384.03,310.30,-1
457.80,241.35,-1
72.65,157.12,-1
322.76,334.97,-1
528.53,95.14,-1
125.17,169.84,-1
321.11,304.99,-1
153.82,379.64,-1
444.40,292.49,-1
234.59,273.71,-1
135.05,416.35,-1
342.49,306.31,-1
488.29,120.93,-1
297.55,386.01,-1
333.19,106.99,-1
396.87,282.35,-1
530.11,177.91,-1
510.22,138.13,-1
187.79,161.37,-1
95.00,493.84,-1
167.81,450.06,-1
127.03,457.85,-1
522.48,96.13,-1
96.00,111.18,-1
